{"cameraMode":{"drawMode":0,"name":"Shaded","section":"Shading Mode"},"sceneLighting":true,"audioPlay":false,"sceneViewState":{"m_AlwaysRefresh":false,"showFog":true,"showSkybox":true,"showFlares":true,"showImageEffects":true,"showParticleSystems":true,"showVisualEffectGraphs":true,"m_FxEnabled":true},"in2DMode":false,"pivot":{"x":569.2139892578125,"y":316.0540466308594,"z":-25.59772491455078},"rotation":{"x":0.00015180621994659305,"y":0.31205809116363528,"z":0.00045981010771356523,"w":-0.9502479434013367},"size":356.77178955078127,"orthographic":true}