{"cameraMode":{"drawMode":0,"name":"Shaded","section":"Shading Mode"},"sceneLighting":true,"audioPlay":false,"sceneViewState":{"m_AlwaysRefresh":false,"showFog":true,"showSkybox":true,"showFlares":true,"showImageEffects":true,"showParticleSystems":true,"showVisualEffectGraphs":true,"m_FxEnabled":true},"in2DMode":false,"pivot":{"x":366.2451171875,"y":88.45913696289063,"z":126.28927612304688},"rotation":{"x":0.07973003387451172,"y":-0.0008842273382470012,"z":0.00008447073923889548,"w":0.9968715310096741},"size":252.03192138671876,"orthographic":false}