{"cameraMode":{"drawMode":0,"name":"Shaded","section":"Shading Mode"},"sceneLighting":true,"audioPlay":false,"sceneViewState":{"m_AlwaysRefresh":false,"showFog":true,"showSkybox":true,"showFlares":true,"showImageEffects":true,"showParticleSystems":true,"showVisualEffectGraphs":true,"m_FxEnabled":true},"in2DMode":false,"pivot":{"x":-12.455402374267579,"y":3.4619998931884767,"z":-11.706523895263672},"rotation":{"x":0.0385725162923336,"y":-0.23513443768024445,"z":0.009009361267089844,"w":0.971344530582428},"size":0.8660253882408142,"orthographic":true}