{"cameraMode":{"drawMode":0,"name":"Shaded","section":"Shading Mode"},"sceneLighting":true,"audioPlay":false,"sceneViewState":{"m_AlwaysRefresh":false,"showFog":true,"showSkybox":true,"showFlares":true,"showImageEffects":true,"showParticleSystems":true,"showVisualEffectGraphs":true,"m_FxEnabled":true},"in2DMode":false,"pivot":{"x":-9.768200874328614,"y":0.38167858123779299,"z":8.84371566772461},"rotation":{"x":-0.09438670426607132,"y":-0.13486887514591218,"z":0.012907029129564762,"w":-0.9862738251686096},"size":16.016517639160158,"orthographic":false}