{"cameraMode":{"drawMode":0,"name":"Shaded","section":"Shading Mode"},"sceneLighting":true,"audioPlay":false,"sceneViewState":{"m_AlwaysRefresh":false,"showFog":true,"showSkybox":true,"showFlares":true,"showImageEffects":true,"showParticleSystems":true,"showVisualEffectGraphs":true,"m_FxEnabled":true},"in2DMode":false,"pivot":{"x":-11.975403785705567,"y":3.0713300704956056,"z":-11.169525146484375},"rotation":{"x":0.07588711380958557,"y":-0.32071784138679507,"z":0.02545364573597908,"w":0.9439811706542969},"size":1.0648185014724732,"orthographic":true}