{"cameraMode":{"drawMode":0,"name":"Shaded","section":"Shading Mode"},"sceneLighting":true,"audioPlay":false,"sceneViewState":{"m_AlwaysRefresh":false,"showFog":true,"showSkybox":true,"showFlares":true,"showImageEffects":true,"showParticleSystems":true,"showVisualEffectGraphs":true,"m_FxEnabled":true},"in2DMode":false,"pivot":{"x":-12.018684387207032,"y":1.3433221578598023,"z":-10.728568077087403},"rotation":{"x":0.05405932664871216,"y":0.7127755284309387,"z":0.05527138337492943,"w":-0.697125256061554},"size":0.13729837536811829,"orthographic":false}