{"cameraMode":{"drawMode":0,"name":"Shaded","section":"Shading Mode"},"sceneLighting":true,"audioPlay":false,"sceneViewState":{"m_AlwaysRefresh":false,"showFog":true,"showSkybox":true,"showFlares":true,"showImageEffects":true,"showParticleSystems":true,"showVisualEffectGraphs":true,"m_FxEnabled":true},"in2DMode":false,"pivot":{"x":-11.796906471252442,"y":2.852983236312866,"z":-10.936352729797364},"rotation":{"x":-0.01996982842683792,"y":0.6708326935768127,"z":-0.017744354903697969,"w":-0.7413479685783386},"size":0.8660253882408142,"orthographic":true}