{"cameraMode":{"drawMode":0,"name":"Shaded","section":"Shading Mode"},"sceneLighting":true,"audioPlay":false,"sceneViewState":{"m_AlwaysRefresh":false,"showFog":true,"showSkybox":true,"showFlares":true,"showImageEffects":true,"showParticleSystems":true,"showVisualEffectGraphs":true,"m_FxEnabled":true},"in2DMode":false,"pivot":{"x":-11.94140338897705,"y":3.021329879760742,"z":-11.169525146484375},"rotation":{"x":0.2381281852722168,"y":0.49350976943969729,"z":-0.14299435913562776,"w":0.824413537979126},"size":0.40459921956062319,"orthographic":true}