{"cameraMode":{"drawMode":0,"name":"Shaded","section":"Shading Mode"},"sceneLighting":true,"audioPlay":false,"sceneViewState":{"m_AlwaysRefresh":false,"showFog":true,"showSkybox":true,"showFlares":true,"showImageEffects":true,"showParticleSystems":true,"showVisualEffectGraphs":true,"m_FxEnabled":true},"in2DMode":false,"pivot":{"x":-11.94140338897705,"y":3.021329879760742,"z":-11.169525146484375},"rotation":{"x":-0.04218785837292671,"y":0.2490585446357727,"z":-0.010628399439156056,"w":-0.9676803946495056},"size":0.38764068484306338,"orthographic":true}