{"cameraMode":{"drawMode":0,"name":"Shaded","section":"Shading Mode"},"sceneLighting":true,"audioPlay":false,"sceneViewState":{"m_AlwaysRefresh":false,"showFog":true,"showSkybox":true,"showFlares":true,"showImageEffects":true,"showParticleSystems":true,"showVisualEffectGraphs":true,"m_FxEnabled":true},"in2DMode":false,"pivot":{"x":-4.007320404052734,"y":3.6721153259277345,"z":54.70038986206055},"rotation":{"x":-0.019053082913160325,"y":0.4156568646430969,"z":0.008805825375020504,"w":0.909372091293335},"size":18.25818634033203,"orthographic":false}